F_returns,GE_returns,AAPL_returns,MSFT_returns,AAL_returns,DIS_returns
,,,,,
0.026703423138056293,0.00076227508568949,0.010258995105414614,0.013443288855174318,0.03394943560164854,0.007703079116508249
0.016143568738009595,0.011424011922337218,0.019122162760360162,0.02920531933538295,0.011074357484473385,0.015389393606064727
0.001765340608864685,0.011295363843428996,0.006934412797593437,0.0005415531964167997,0.0019216420431258374,0.011490830835647614
-0.01497798279281315,-0.02755040210262505,-0.025578619780582956,-0.02327357663808516,-0.03548129468051786,-0.01723631516371482
0.006261097755913436,-0.017610991782688212,0.009918005702470145,0.005984827836831075,-0.009346003464981045,-0.006477383179411267
0.017777571735845932,0.017147273569682486,0.01881790701766528,0.023245677782418817,-0.04737058431668717,0.016750263758897876
-0.0017465512459757804,-0.006130205068730521,-0.004675314499461902,-0.01098188463944505,-0.043404967371044934,-0.005622976619957809
-0.0104986047906791,0.016191250148757774,0.009858568924746347,0.01872392543511059,0.02577099203012323,-0.00406738657356942
-0.002652498733581421,0.023520542283467893,0.0033880573676889902,-0.005342937509522305,-0.015031139562800444,-0.0003984673970208741
0.008865144802014724,-0.011860741419228882,0.006238307106571028,0.011710406134591622,0.011554483283095385,-0.0010962026062604213
0.0,0.0345086351742947,0.013763920467675161,0.020176329186806674,-0.014008683014409717,0.019253825247356415
-0.004393670646805181,-0.00942714422361568,-0.002244143705648405,0.0038512817607001537,0.04393456273262997,-0.009396070449374183
-0.019678041417815817,0.024158110700389424,-0.028340078069915342,-0.0034217937264846565,-0.01842562819158655,-0.003161834684204834
-0.012773545289604726,0.03931389349267089,-0.04097215204439386,-0.011549370481095722,-0.0021331539706369584,-0.006442636515287425
0.02033256027338859,-0.0013755896038555315,-0.0028966161470198593,0.003684244854099017,-0.002137547034927967,-0.0008978346079396848
-0.007246402466980939,0.011019310969780927,-0.01391894338950228,-0.0233874657147638,-0.021208285218904277,-0.006889741035068564
0.013686019217328926,-0.04291556638612726,0.004357353225469041,-0.008698371766523105,-0.009630162368241213,0.01699181959780205
0.02880318164658391,0.023487602737882307,0.003483143420104806,0.021124281024813563,-0.06364629448628756,-0.012951039698202327
0.005249147868381376,0.0,-0.011569854073335661,0.01655014446375147,0.02430973894193844,-0.006109808397049887
-0.02175799842062731,-0.02155784256790838,0.018112022841644038,-0.024003356544924248,-0.010829555781915134,0.011085358724785666
0.001779389853101998,-0.0014213948886019345,0.02323628057539806,0.01582534849767292,0.010016166760677736,-0.002691087672173964
-0.004440524909925414,0.009252691987650552,0.044175105811232074,-0.015684226652390665,-0.025830031579538226,-0.004397283617933012
-0.0008920274825822139,-0.017630436492150015,0.001812295001272668,0.0059888400655669916,-0.0030778128727505516,-0.008632912229749046
0.01428557025952193,0.012203832580851559,0.03923333872267265,0.0115870786516854,0.017810433976439777,0.024200087760855693
-0.0017604025175314009,-0.0021277375212759297,0.007235039097778229,0.01113913797974031,-0.007483472342833197,0.013148815227630006
-0.0061728010904081865,0.014214823007818067,0.004806725905447395,-0.004261021978021029,0.01319509515506434,-0.006733094806084194
-0.018633616366461214,0.024526894165036506,0.007041060621683082,0.011794169249482955,-0.034883775731644806,-0.017879867905810087
0.013562373222414159,0.004787973444094318,0.0143038336907102,0.010006229067323735,0.013012125718615097,0.01710516516802607
-0.0017842486736296959,-0.0061267712449272205,-0.003803060792800017,-0.0021450426580181814,0.013320364837218213,0.0038354400181961346
-0.0008935248989654365,0.007534406542899497,-0.002333250323573899,0.003377828339229172,-0.0032862934064815663,0.003625100158139327
0.0035777815695450244,0.0,-0.009088345411957577,-0.0072427333599280885,0.017192669547149153,0.0046855375774248476
0.016042861992312085,0.021753892280319986,0.00933268270955967,0.0025801146746879944,0.02014356835757236,0.020598637566227262
0.005263247620833633,0.0,-0.0063237244928942005,-0.009984583436917216,-0.009759335359665777,-0.00666422341433881
-0.011343854801690312,-0.003991957577139993,-0.003636686797956923,0.001871380059297989,-0.0057300711227693535,-0.003929465411651734
0.015887104169982624,0.019371986980318168,0.007084987046452218,0.01286855894788319,0.020746743329440376,0.00125085240787004
0.0008686829468547153,0.001965861706632488,-0.002504895678691166,-0.0010247744197749986,-0.03161680601503336,9.61224070226141e-05
-0.0069444686609210216,-0.07259638507173849,0.006411783951171035,0.011897550199483353,-0.0018656323027502753,-0.011338489321110812
0.01573424980582039,0.02961903789932374,-0.0011150484266214677,-0.0035474480978991974,0.017756952924725233,-0.007580898499450983
-0.009466272014417632,0.0020549402559446595,0.0022853936335776037,0.0005084434778441782,0.030991787110656643,0.0008813920031653932
-0.006081818255566973,-0.030758720332319522,-0.003605772164384846,-0.0035583491464176165,-0.02939214765401188,-0.02455967864891173
0.009615406516997105,-0.0007053649076224078,-0.0021287876848931075,0.009590859917817829,-0.00665290702586574,0.0029089573852891792
0.0,-0.006351318597853761,-0.0033599806187195602,-0.0011116470646234111,0.005542698317164252,-0.0051010387651169165
0.01385286219727,0.0014204580609649131,0.018033903844546728,0.01972901753615175,0.01056502138594917,-0.0011057429385852302
0.002561910123694222,-0.027659642826198372,0.008357851326891597,0.008730823031911195,0.019545463241739114,0.008856604194883655
0.007666090536128767,0.006564717619959248,0.007715116148708567,0.005114832661923918,-0.015158428315494077,-0.002992782026465579
0.011834337447810261,-0.011594230453303322,0.003465900133995392,0.002935455622352201,0.00022644126513182705,0.01971180380761095
0.0050124351676463785,0.010263804018419531,-0.0026806345712183655,-0.01570881491252496,-0.007920386917885769,0.005495031246822046
0.005818931011272399,0.010885442977343729,-0.009097486572082203,0.007434412295371118,-0.01665129941847443,0.014736102133396045
-0.005785266942054723,0.0035893841636531754,-0.0024518793629650926,-0.005706639469261643,0.024356155791671164,0.0035582841619083982
0.006650065044879749,0.0,0.005490822567649323,0.0025729098262863292,-0.016983636777299194,-0.00019156018023192
-0.007431956588493938,-0.006437930440146511,-0.008217093654743213,-0.004540722085983218,-0.01128776451251301,0.018978167505153687
-0.01081517728885939,-0.01799838523518793,0.0005243412089659394,0.005651980101767373,0.0037280598407314347,0.022951794243746715
-0.000841102873885391,-0.016272287608926517,-0.010272783226081383,-0.012719458222331559,-0.007196112474516014,0.0009194812584816248
0.009259371806709327,-0.007518968135853843,-0.0005293378217504641,0.007290848229389413,-0.007715537814190321,-0.016444647208522456
-0.008340334623961443,-0.018939135652099814,-0.016159661125101366,0.0,-0.02191343388733169,-0.008966902136788413
-0.001682114432726256,-0.005405559331479459,0.004362010362563229,0.01001364192653531,0.012527073314286374,0.009896355269112922
-0.013479315267431735,-0.009316777779749597,-0.005576294705183726,-0.007165846122957342,-0.012847858320925942,-0.011759223295284227
-0.00512400568476834,0.022727298059409318,-0.0029116132564239727,-0.007217802520576244,-0.0033744002464766165,0.004249642807001797
-0.012875431684928107,-0.022988407321078985,-0.014871543499309747,-0.020117518365221465,-0.04038683460199677,-0.0177731185584028
0.0017391601539820112,0.07764705319921972,0.012406032528284205,0.007013019375950114,-0.01486887089631328,-0.0018190556728376883
-0.008680797883945934,0.01601166840196222,-0.001463851138473471,-0.015543119836869845,-0.021233337101945304,-0.002877538256315093
-0.012258931154534025,-0.009312357563325935,0.007276120432052835,0.011174936057242846,-0.0015679554840396515,0.0077915178480469915
-0.018617001565172986,-0.015907471213117752,-0.002102255162781841,-0.00020276605549152116,-0.006282895575835168,0.00038180914185415027
0.002710122255623615,-0.017634105631909924,0.011182401875214465,0.014197149108218232,0.010537391894636094,0.004961325047966092
-0.009910126510713324,0.0,-0.01741641735840138,-0.00959887208052601,-0.015901914303127818,-0.012247153368981967
0.005459602223476745,0.004487776293663481,0.008047013863856867,0.0071681957304670085,0.006357688556986485,0.012495146770922005
0.0009049436748711503,0.03127317524669593,0.013861906906589505,0.014033567935911151,0.0026322417037811796,0.002679427148633895
0.012658247730188643,0.007220234083280985,0.013885248692231178,0.006820828769501741,0.03202936802152401,0.011834314692157788
0.0044643134116304495,0.015770487006463663,-0.0012067441758978337,0.002650996201391864,-0.0048333111423228825,9.43271158673209e-05
-0.015999983014265307,-0.012702796446259601,-0.01297620800621957,-0.001370933096216942,-0.08077723312062313,0.018956934447956986
-0.0018067154773756533,0.0,0.016765841018155925,0.02167084513951223,0.010289278948486302,0.0019436894096263035
-0.00633490049402452,-0.0071480527824701046,0.0015706389552692102,0.0119015487849512,0.02174507241992618,0.016166325589019426
-0.011839565009478914,0.0007200466095789171,-0.002195147646948059,-0.004932343578404663,0.004310359308948186,0.0018181421979923673
0.0009215245171652064,-0.015107979341017153,0.002828411111521323,0.009913280449739936,0.002682477743850109,0.0009075625219545636
0.000920776067260487,0.004382875891733695,-0.005484430079796376,-0.007833909384847404,0.026484857387986338,0.003535656471073345
-0.004599645093182558,-0.0014545341168672454,0.0077733117242213545,-0.006849213274650046,-0.006255160367645174,0.01300933208473376
-0.010309272143591675,-0.04442824543657453,-0.0022930786446070384,0.01791169418639349,-0.006556392827962276,-0.005796821007257313
-0.008523090780822695,-0.009908575241701856,0.0008879343893590796,0.0159971689931242,0.004223981734488902,-0.003498372040892206
0.009551281998839922,0.01000773766333829,0.007254308418234823,-0.0028711823783285073,-0.015510109576115427,-0.0035107236694849053
-0.004730256461786819,-0.0007622278765565538,0.009430024977818752,0.02944439545658173,0.019759602156387723,0.004336075711226961
-0.05988604745980197,0.0030512372443118885,-0.003130922262762792,-0.010917515945440437,0.04791840871606712,0.020956991715356477
0.004044566445428055,-0.006844245403673677,-0.016631515580742384,-0.017697543664879523,-0.008245910349437446,-0.007840747244281632
0.01409863491547303,0.007656908279907615,-0.005602723241295404,-0.021452330272838882,-0.01814060092465053,8.879915758974732e-05
-0.0029792026773270974,0.03571428020033118,0.0020007013612024505,0.006738253104327407,0.014626741037609747,0.008257104701079765
-0.013944062719915551,-0.028613243968715674,0.0589100579577877,0.001885182476256242,-0.03540727268856392,-0.005195440320934441
0.002020348404924155,-0.005287159507756378,0.029230918283836838,0.012137743590166616,-0.0055059785194901956,-0.0019473910932140681
0.012096461713444029,-0.002277848276483474,0.0028930178794353,0.004369248758193001,0.01291858295584647,0.011884676532554206
-0.000995821665381147,-0.003044039182465985,0.00519282252098785,0.0008330124048097076,0.0023485793696682578,0.01621535930063711
0.00498481881047752,0.0045800392490595865,-0.009374997864867285,0.006936090559499508,-0.0039051949141487574,0.005347490202354033
-0.002976034941696515,-0.008358713882026692,0.0006759143293149084,0.0056025694072916465,0.003136485478210327,-0.022134495817620503
-0.013930399353455969,-0.008429093063869741,0.007864871072188029,0.0016440339904373324,-0.011985534148371002,0.0015793129531178618
-0.01715449961775173,-0.013137574644239924,-0.0029784562284027594,-0.00610927444362086,-0.017404935156898893,-0.012964304566329798
-0.028747323564090377,-0.025058777688201195,0.00645682432189898,-0.007247752444997646,-0.012614126895733824,-0.004969828164648082
0.004228410208305888,-0.008031822440845993,0.0042131501564475204,0.012475629335488625,0.008154309999442111,0.005618947354246284
-0.005263144844847689,-0.010526520136558748,0.0023362061737011164,-0.013560527762810803,0.009436623821797552,0.0008868296206892001
0.006349099883267151,0.006546677363172604,0.014649745641464929,-0.00018563695120843438,0.019230871055779364,-0.003278527760351091
0.004206178872260047,0.0,0.019970063884867884,-0.0005576043916711848,-0.009696205788672252,0.0
0.017800935946071572,0.0,-0.009743447789780313,-0.0065994781619153065,0.05821651006228179,-0.004356435479151544
0.014403346350811974,0.026829514257946663,-0.001949467557591733,-0.008327814816787904,0.008502100714546268,0.00357173930507404
-0.01724138118256302,-0.01266847054962661,4.6630892289512005e-05,0.01019049239511638,-0.028266870173738856,-0.004003862531814173
-0.006191957648198576,0.0056133879269471,0.002045926933681441,0.0046702698276761545,-0.00918586840442337,0.0005360314649773823
0.005192095526819429,-0.003189768114373437,0.0031094515952003743,0.007809536169405051,-0.0002575703458349565,-0.0006251044909825199
0.03202484960647922,0.021599955138254634,0.00823438785262609,0.011070091239913538,0.018031965976334385,0.003573723571320686
0.0020019328045504103,-0.0007831191211373767,0.008075768825456686,0.0060220032560924786,0.029605247951340674,0.0022255715069203763
-0.003995973115023532,0.016457753501838646,0.01492947872663386,0.015962212762770545,-0.004669367975504768,-0.0011547300206785627
-0.027081221542165412,-0.015420238146150123,0.009193685273002128,-0.000624901473111672,-0.0024692073707092144,-0.004713193252273595
-0.02268040144694683,0.013312468188768856,0.011553814234684268,0.003394352283508262,0.001980197829277497,0.0008934758945084997
-0.0010548723356003098,-0.020865411949688717,0.00320695567876772,-0.005519314703292921,0.00716411495424385,-0.010444593258899681
0.0021119725325988714,-0.00868197820813843,-0.00652472529850967,-0.028824808171054483,-0.026980832702648283,-0.008840639885375867
-0.006322451692854281,-0.003981063016620157,-0.01661735139520404,0.0023044290913423193,-0.02999744356114964,0.0035494940501172856
-0.016966993749498283,-0.008792858261184255,-0.008068203714487354,-0.004874134156617749,-0.0012993636724262236,0.006439404232822632
0.011866112067000945,0.008870858462298292,-0.013420732259028623,0.010812306143459072,0.02602138774126339,-0.002613325089561913
-0.007462713825773459,-0.014388298753515438,0.02528282794915615,0.01700509751483459,0.01902125827631118,-0.009757844819384687
0.0032225177177522824,0.02270891059088931,-0.012418922699948265,0.00422517688060986,-0.022897199426128556,-0.0012774438285083622
0.0032119371859307133,0.007930232387647118,0.024155005157256326,0.01074200869101416,0.005603791477452935,0.011054317719365159
0.008537819312648187,0.007148322537261942,-0.011350947050918658,0.004074005807771952,0.006585488924825578,-0.012740590949641195
0.010581984205313866,0.0015773825750333703,-0.026626126441862574,-0.010849397909754255,0.014594939635815596,0.0009152993388548136
0.0031411965494598793,-0.0031495590070660384,0.0016521845240398125,0.009541570567085378,0.011656612350058992,0.0015544436357797231
0.02087677865748483,0.01579786829845098,0.0005957186094884825,-0.01333799327408669,0.01985784473157648,0.002373769843232232
0.003067762384713957,-0.031104432357549006,0.00760175454187717,0.01674132681354057,0.006971235605655712,0.01666819779710016
0.004077330672303425,-0.02327427285967898,-0.010771270898692342,0.006075564957136459,0.04082120666135469,-0.010929926066591822
-0.02639578900456263,-0.035333016477181345,0.014380396736180412,0.0035882034458678547,-0.03715593770187631,0.021467325503565116
-0.020855115910196953,-0.040033840468932214,0.006340756850617746,-0.0019186978696560386,-0.02787039968310767,0.007626155510522592
-0.01277945253494428,0.010647755023684091,-0.007966284660566925,-0.0041063265790917125,0.005635837104210228,0.013904736752563318
-0.004315191342313174,0.012291341964301816,0.020551806710722875,0.0037724313791165365,0.011208504900618976,0.007204302397232576
0.002166772459079702,-0.020815214341365573,0.0035118485514959996,-0.0003495775504170906,-0.004096233241298486,0.007755978684270914
0.007567596348561523,0.07085917119427165,0.0067333643623608275,0.010841943397786435,-0.04161639311175258,-0.005986044940392454
-0.012875437377954047,0.01902388783514608,0.00888865845069442,-0.0039787916824978176,-0.028023188626527085,0.012216187437575243
-0.00760860722965484,0.012986900544194047,0.012168472082082937,0.00017356206381502481,0.0077920305167080706,-0.0063743252207582035
0.00219050459239023,0.014423306416966764,-0.017580939636999693,-0.020664986548344144,-0.02268031446082186,-0.006671839936019608
-0.0032788676912938186,0.04107418732177126,-0.016229022770580137,-0.0058515439642296,-0.0390295871186751,-0.011624885034500987
0.015351170949423398,0.032625253750870886,-0.002318105608527965,-0.011415357296774453,-0.014818694467897187,0.010803271377924695
-0.0334774324442918,-0.00440864157631593,0.013853447349089887,0.012720055207294578,-0.06545972297789293,0.00749879223763994
-0.014524996376721222,-0.019926142809135405,-0.04632614531560464,-0.05433832044188269,-0.05782411326778092,-0.03447692483463527
-0.0011338081812636291,-0.04216864822299471,-0.008827892285707906,-0.0023548569935228914,-0.010756120091469978,-0.015151537092520928
-0.01929643544875448,-0.03144662198232773,0.035719295626747805,0.03455777447401576,-0.011512631736686374,0.013135369102338368
0.019676114318585514,-0.013798719663477788,-0.02138587749497156,-0.017979642840604715,0.02814630914750338,0.007370639064469886
-0.0011352166919753603,-0.0041153926651443795,0.022037178538525604,0.031598606968683995,0.04719927816264646,0.02424194525563994
-0.004545479985263445,0.0074383017651828975,-0.004321401735509434,-0.002612636553949388,0.00871404552486399,0.008090114262431669
-0.028538805181255733,0.015586497590742265,-0.02337329550130829,-0.019961927417667114,-0.04498059470361271,-0.008110569573713255
-0.001175110455979289,0.014539565129038756,0.015229861367267672,0.0014744759346032588,-0.0006237393663016677,0.0234119183344057
0.007185739393708035,-0.01433119577469566,0.006110075693166461,0.008926927252287609,0.003745317897679401,-0.005298605282935465
0.021403231195305183,0.02504035765088397,0.009426603538311262,-0.013956067817469386,0.006840764976346891,-0.0035511981008160554
-0.04772999890351859,-0.04097700982168995,-0.034301460445685716,-0.05346890515351799,-0.0630018473233499,-0.05294866047902658
0.0990217456852518,-0.030402645451195864,0.021897744736861346,0.058444131413719624,0.06690825325466077,0.022847510588636988
-0.0011122765165983983,-0.04237296663554524,-0.015923472921749005,-0.012373117823188728,0.0027804572921303894,-0.008496913061170397
0.03340767698763658,-0.012389417255507684,-0.018770230986053904,-0.02907628380277416,0.004312790666553434,-0.0013252109102660503
0.01939645181936367,-0.08781352295287248,0.004994296937515852,-0.0011553731004124712,0.0631904002459116,0.015215879350293005
0.009513694002341255,-0.0078586254048304,0.026066420116972022,0.029692246065668115,0.012117798037596605,0.000610002798078435
-0.027224945678636203,-0.051485173571226506,0.015352451209236229,-0.0083324201880004,0.03677312552009626,0.011059768974618356
0.009687672833429417,-0.030271234496369148,-0.06633069283055737,0.002265811937684159,-0.0010998607512804348,-0.007924245144159237
0.01599146547729946,-0.0010765995312962406,-0.028388303868175258,0.012716706455302873,-0.014076835144593347,0.00234408573088829
0.0010493617192226523,0.015086252234624897,0.010814195511647862,0.001953273577800063,-0.015397761487766282,0.010913889063407067
0.0062893497800613485,-0.023354694942757326,0.030328133899407694,0.03936126636327231,0.051180251857896764,0.0029132336747086374
-0.014583392679105578,-0.010869458214828764,-0.0034889930683439374,-0.0018757800827459148,-0.0029754917745131726,-0.00897056279347408
-0.008456678659219397,-0.05714255383122013,-0.019281746458630233,-0.019507499670665007,-0.01736284304684399,0.017241407072072557
0.011727119535795083,-0.06876477708771611,-0.05037407083542489,-0.024641877872841556,0.017669638201633475,-0.011016973186520396
0.005268701796665276,0.07759683349428048,-0.009991197654699357,0.0006549407384506267,0.024959330073849983,0.0012853524439202513
0.0,-0.03368170077488575,-0.028247284968184738,-0.014181119639609219,0.008734990566583667,0.0023107176631900206
-0.02410880665524917,-0.018028908373041053,0.024678606974577022,0.022006384547899716,-0.007609646582148466,-8.538729650997556e-05
-0.027927214358655306,-0.01835973289088999,0.011075867415010432,0.00941445782209116,-0.028291940859265008,-0.007855836922785797
0.02209943980862783,-0.022443991498149685,-0.03963216395034064,-0.03389038301354397,-0.025306067943934973,-0.006627112526079948
-0.02054037434392475,-0.02423468446379351,-0.04777784100222837,-0.02781500223649036,-0.006421026214915804,-0.03075727215799673
0.0055186448863404625,0.020914982813981853,-0.0011300409117734889,0.0137647023249714,0.020230371806873704,0.010369203385247383
0.0021954811834123955,-0.030729697357645303,-0.02539900650029403,-0.0003879833728421822,0.045166721202179794,-0.008404837360255324
0.0295729146542405,0.0013208843763896638,0.013523638236502267,0.03298732136632965,0.003952477926337794,0.004193459932883226
-0.012766039818738584,-0.018469513901537726,-0.0021759968806017715,0.006292742669128826,0.004986897629771336,0.011994649376135147
0.014008636689075038,0.040322648818196694,0.038452722363697234,0.037147845932627765,0.016975692188045288,0.019315177724041677
-0.00425086199804714,0.025839661925011637,-0.0076820256366590955,-0.008369444015967065,-0.013353902506935245,0.004392742894597124
0.004269008966030219,-0.05541560866862394,-0.0054024564041589285,0.006352663327139796,0.04528888066932035,-0.009604669655945863
0.020191231226505124,0.041333215350307206,0.03494211235684519,0.010821524239220448,-0.012699201432716523,0.0021647435620544275
-0.04374973979161412,-0.06786176664465948,-0.04398861491209094,-0.03184948338311133,-0.07465323011047542,-0.024797002802022683
-0.017429341922412078,0.009615621862440804,-0.01114947232907737,0.006174161672157785,0.006813936038552182,0.012935270829130152
-0.022173053198163206,-0.04625855816595559,-0.03565697097607434,-0.04002209571755366,-0.091229054007825,-0.012957212995373446
-0.03401353040357835,-0.011412383685200811,0.00658785006810958,0.026426218632060072,0.008042941569073925,-0.0010716379523004749
0.0023472684549106226,-0.024530912638237368,-0.005719312537573518,0.00929467027971742,0.0076831145938969225,0.0009833828729830518
0.011709782143430436,-0.007396599005430771,0.002787265670039174,0.0045123637324688826,0.007331475474501525,0.0021433983647629606
-0.016203889405788763,0.07302541064074153,0.010940141974381756,0.003391992132729449,-0.05502192158110286,0.010516024931839452
0.002353101164974669,-0.013888751066223337,-0.03199762276451912,-0.03124705190936594,-0.0015403419479113056,-0.010494787340818101
-0.002347577078616103,0.007042253521126751,-0.009306173951647012,-0.02961450454849779,-0.011416127096016027,-0.014081970056550097
-0.003529373332526564,0.018181578921812713,0.012992512968381664,0.010496799323373107,0.04681654974915128,-0.010576840040583235
-0.01770949381781728,0.05364524107684843,-0.03119177138188789,-0.0026931147937899746,-0.03339303929706461,-0.0021013047478931624
-0.007211459147011268,-0.02872056189306471,-0.025234773173583136,-0.021024225712602984,-0.016347995186688058,-0.020325971258110642
-0.02542376550339076,-0.03897842872280288,-0.038895543600858784,-0.03231197359382276,-0.03480707925101856,-0.02598132493707317
-0.052174055630131666,-0.03216795974203568,-0.025873862411156634,-0.041738885897947386,-0.03443801361569199,-0.037132965514011684
0.02883358239246059,0.06791904723387088,0.07042148142971794,0.06830978687491629,0.08647381150681199,0.05460883912678427
0.0,-0.01623818525262788,-0.006489925658226037,0.006165610263490162,-0.007742316852273334,0.006519836145579827
-0.0050954857587001134,0.033012570727795065,0.0005126574612404067,-0.007807976475739942,-0.006554458518101103,0.007322656154448159
-0.020486600186197745,0.007989291945555754,0.009665183960217316,0.011754122263158528,0.008796815400108127,0.021901190293346362
0.03267972508279238,0.06340815076784567,0.0011408778284511811,-0.004430369745985208,0.011522906983762793,-0.006201560979375187
-0.015189774154118041,0.001242165078564561,-0.0996072558902883,-0.036788007467029926,-0.07450742634817009,-0.024226834699824673
0.03856032442707713,0.021091979793681492,0.042689308612793964,0.04650925316386845,0.06586836347092628,0.03084732475309604
0.025990140252512894,0.06196822117456868,-0.0022258822974107195,0.0012753883174647651,0.02840192766448979,0.008667091936486848
0.009650201908091072,-0.020595055921808658,0.019063105677389558,0.007250607658060293,-0.01608492132594108,0.007778654863105139
0.04181598959017263,-0.007008946699814889,0.016981806536590316,0.01429969502218209,0.03084496486626609,0.011218751903887325
-0.005733942325982233,0.05176433868776753,0.0031962535672565018,-0.006425740936168878,-0.041292449535419995,0.0011538371906525402
0.01730103008664341,0.0,-0.009817994337628977,-0.0077219750160487655,-0.007490706032980077,-0.0013298267459761481
0.0192742245823756,-0.004474130347447369,-0.015037209574782273,-0.007295780031432164,-0.0028301845967866335,-0.0020416823484488145
-0.016684849722164885,-0.01910133077007936,0.020466630044497114,0.029005507633764305,0.012298921153486742,-0.005870837319903677
-0.06221739107673252,0.028637038447357765,0.012216703726452005,0.0035235349548219386,0.02305287335223616,-0.007605509909136776
0.008444005966146806,0.01781725031135095,0.0059378881760117075,0.007022176447056827,0.022533649503134967,0.0009015658335236321
0.02631568683745744,-0.00875267652709788,0.006159289450907268,0.014982960718089133,0.011614135052270047,0.00027019829660979156
-0.009324090905273974,-0.04415003349169844,-0.022446079087121262,-0.018846748768664545,-0.036208381973519166,-0.0039625101679505725
-0.018823448180112945,0.008082969495655679,0.004044259430976416,0.009746266550817895,-0.033292765921574485,0.0047016601639893185
0.031175033186864765,0.005727453733797683,-0.00792619895215041,-0.004779383245590019,0.06350705908541299,-0.00512958903241334
0.0302326552693839,0.04328023333310815,0.03313694545281898,0.00913372815794622,0.0392158240182916,0.004884575080109643
-0.022573529708545093,-0.02510910922419729,-0.009254645980543597,-0.019501640721012792,0.04545449508315813,-0.0025204056507249772
0.011547400770587801,-0.0033594394249847337,-0.010364517776950022,-0.020365405986169538,-0.007656620300617201,0.0008121973164174623
0.011614351934842837,0.0224720940701868,0.06833435636833163,0.033417524980618785,0.0013778296432587211,-0.006943268369425271
0.010333167841547475,0.11648313495240559,0.007201347886154563,-0.018330484415179038,-0.015685155104299575,0.012621421312706271
-0.009091032973570279,0.0029527360457926033,0.0004805840265422745,-0.015800049603460042,0.009505206075633321,-0.0019726237003195868
-0.002293639161372374,0.001962892611806044,0.028405010703593803,0.028799335264453108,0.01855434731617822,0.00449238075017111
0.005747220677494003,0.04113605447064628,0.01710969084363123,0.013996612944831455,0.006815706024051682,0.007692310349055376
-0.0034286036993712576,-0.015051732442426413,0.00034430815190500397,-0.01109865195576909,-0.004603418375213941,-0.011095340467002113
-0.047018298728391805,-0.0391594284468183,-0.01893929525881255,-0.007167926403820801,-0.016049974103276687,-0.004129020469660349
0.009626962960401109,-0.024851023022693042,0.0011749487971088879,0.003799774404823486,-0.004700038166768117,0.005047380926809453
-0.007151561010149243,0.022426149075849944,-0.005750888581127045,-0.0039746079392649625,0.01638902049454427,-0.018563341951436718
0.015606350584485673,-0.004985010902300524,0.00861717857659916,0.01558207972193304,-0.02295711589451277,-0.002193019440872468
-0.005910139990987995,0.039077989432459326,-0.004154686967204335,-0.0007485258035779818,0.012867141366727841,0.009157546071848266
0.0011892152820156543,-0.03182225540290884,0.0036430480574514146,0.0008426483080268277,-0.002761711624907681,0.0041742873959660365
0.01425142276654845,0.004979944697530936,-0.002224719247726603,0.012347894102670898,-0.02935469998405915,0.017440689909149043
0.03395797116238608,0.003964194271513621,0.002992459958638838,-0.0004620061323205027,0.011982894121947307,0.008171356217959502
0.012457571715975835,-0.0029612821118462085,0.006435504387201085,-0.005199094330090581,-0.011559049986185621,0.0014975828582688422
-0.025727120572237472,-0.006930843792099517,-0.0056385294556078325,0.02109182991906433,-0.0022817944470822082,0.0053659678524253795
0.0,0.013958130717595996,0.011165680205736939,0.014258138387466701,0.014579569351064858,0.00839969152705522
0.005740503736739733,0.06391352928923788,0.007284437009240641,0.005587297245164047,0.011552646848881576,-0.014403501338779878
0.013698643069740335,0.024621214935633295,0.000573784601260785,0.006900200294031711,0.009749350264067091,-0.0007922516658497303
-0.01126121354093057,0.02063767420215501,0.0030978303484385794,-0.001690947796068043,-0.015448434371668096,-0.006343650977199022
-0.001138805991588998,-0.04503663997828744,-0.009836026144203758,-0.0012480756523481906,-0.001680975010999619,0.0005319839516007008
0.00228020869850587,-0.011549721293956372,0.010511279435797105,0.004463003262276777,-0.027785665096641154,0.010368753085306937
0.0022756092185400867,0.010710788390799975,0.005029473812616203,-0.002399247855560782,-0.026558799571409386,0.0028067281546684253
-0.004540298448966973,-0.04720613018944786,-0.0018199094632525004,-0.004988510332005425,-0.014531527011819478,-0.002886345688850822
-0.021664811678855478,-0.0788676800905106,-0.005753913810296218,0.00044768231019864935,-0.01414400055841225,0.007456068032886565
-0.01165514126994871,0.03732186908877533,-0.011574605722232123,-0.012170002293063309,-0.01648328501227425,-0.0073138093556108785
-0.0070752343513279525,0.014830504575195524,0.002376928923402133,0.001087130779179768,-0.009621409129096259,-0.0017543067013648939
0.022565121043660374,0.0334029860701579,0.0346420551807014,0.020993446400193294,0.004387324110880719,0.008259371964738582
-0.004645644720081665,-0.0141414096111393,0.011235433636103576,0.007001730582198551,-0.035257378495126224,-0.00017423879719913327
-0.004667568720703286,0.026639349734107975,0.004422171269090169,0.007745008650948737,0.029754225263272982,-0.005578430579990523
-0.014067947074846043,0.027944198878794957,0.011116441943991084,0.0007860810911435312,0.009108099192337793,0.0034184964463963574
0.0023781232573791833,-0.03300984230163628,0.013008309946438201,0.011519309160225033,-0.021786594868466014,0.00419280762889418
0.016607429748055846,0.02409621273513518,0.010208574774456247,0.014321482406991937,-0.0015908620020691489,-0.01600559071472729
0.015169055517577856,-0.000980290659634675,-0.007924686390141322,0.0006803146080085476,0.00669216832622932,-0.02758131739470293
-0.02183907021621445,0.002944041891026039,0.008738569025877885,-0.0011048265684592273,-0.01994298159172936,-9.091647527992297e-05
0.02115172647575836,0.0048923332510073525,0.03683007527024862,0.022974807736056313,0.015826911699738933,-0.012091937481973014
-0.017261500291218868,-0.028237762099739716,-0.020708235123764185,-0.0263683525286883,-0.027981007595548224,-0.00395726382497974
-0.0035127328622250875,-0.010019681119250112,-0.012090957078987663,0.00521152036149064,-0.011776210645745966,-0.004065532006226613
0.029377138054588192,0.022267240889142226,-0.01033186546573095,0.002124825200559455,0.0,0.021801703163801367
-0.01598157323095928,-0.013861476597708089,0.008994008167510836,-0.009668530512222495,0.024164195757197415,0.0012710724716049615
0.017401435658317865,-0.007028158959800246,0.001326579333874145,0.0013702207030208413,-0.0012928827724854042,0.003899202386537848
0.001140104349252935,0.0101111514190797,0.0065174981515612185,0.00863773315116556,0.02783180711827793,0.002890390136400578
0.022779063395652832,0.011011223209764331,0.006791322692674573,0.009157102666950578,0.018576791052379082,0.013329770288644793
0.0033407889027787796,0.013861381028999809,0.014536931508575934,0.001428585413374428,0.019783726791732237,-0.004888439467681138
0.013318546040079315,-0.013671870029146826,0.006854880295404042,0.0065439678204497476,0.02182471675010622,0.00500170958824131
0.012048230968774831,-0.0069307382988540445,0.001740353662230243,-0.005084740424089906,0.006526287662851793,0.019818730835826415
0.001082000197805355,-0.0019940997896769064,0.006694290613469267,0.004440417028792165,0.0038314324667301225,0.0021786916113273325
0.005405606573364308,-0.05194806697578902,0.015736096212698447,0.00033370624119322123,-0.005284942901096934,-0.000347854326397945
-0.009677399633063799,-0.02845100191116301,-0.0029985567210509823,-0.005419899967474162,-0.016823827733168817,0.016527486594719143
0.013029326563891885,-0.006507755244248625,0.005614030064108322,0.007629222706854177,0.02131481288913739,0.002567250728102488
0.0064307071306966,-0.004366571104675643,-0.008324241369596641,0.0011647289015208617,0.023221636437085413,-0.004779846587457115
0.00638983756006839,-0.013158011715860951,-0.00040222907004705544,0.005152420821291415,-0.003447495027213643,0.11543736141811411
-0.012698314764134744,-0.0022222064923178575,0.0018104040347364236,0.0008268891005289714,-0.027096999085971962,0.015223673183503372
0.0032153535653483,0.017817353025459948,0.00010019931155502704,-0.0023130383930815013,0.008296267074991093,-0.016207240818842616
0.014957222949819604,-0.002188062718057826,0.019473108395813732,0.008280040618624307,0.01028509188217619,0.014241753098952925
0.005263244377136322,0.025219434256933626,0.003593933494035584,0.0131395816125508,-0.0002910063083600978,0.005313173239435365
-0.005235687673428746,-0.0032088423360305818,0.0032865997003630465,0.0031613154686667144,-0.02589461560351336,-0.005813578566979838
0.01604295474254047,0.0010730573839727864,0.01442312008470581,0.013574716760845984,0.014635696981306623,0.01275830039620729
0.007368314064667647,-0.0010719071660734159,-0.0015420891552487825,-0.0034280261060172235,0.000588695789032645,0.013047407456650895
-0.01776381713207964,-0.021459076340042627,-0.009075309905537843,0.03311726836820372,-0.017063953230485374,0.01584014661001487
0.10744667931343743,0.04934206766275895,-0.004773934580185157,0.005729826422814943,-0.010475725325521545,0.019527843405413803
-0.008645451176144903,0.01671889440522567,0.0015173894847588798,-0.0009239231361892752,0.02147611515949932,-0.004431131841681535
0.012596844483999003,0.04522084149442396,-0.019256215050349024,0.006396034351931368,0.012140938695339942,-0.016726572060606237
-0.014354027853586748,-0.006882751019960387,0.04908570414998614,-0.020826918593057853,-0.007899413032318003,-0.0043074678901999786
0.003883523917149301,0.014851472847591918,-0.006507861438768359,-0.01305912561584699,0.0011797029082161181,-0.016424670392195195
0.006769728280004106,0.02439016121645987,0.012431503557459145,0.021313568897835866,0.024742178589777675,0.001416372860356896
-0.003842390165482823,-0.0066667107921086766,-0.015442996713942225,-0.005818381742690448,-0.0011496405012147992,0.004987719555841208
0.0009643763554030294,-0.030680695127516366,-0.026956898456387157,-0.020522802725070233,-0.02135657302506433,-0.011555464536516014
-0.003853592876940315,0.004945753952512177,0.00019735421569411216,-7.959050965022918e-05,-0.00471830501596282,0.011615666067367636
-0.013539554960082079,-0.01181122223344333,-0.010744284663676051,-7.991046515354316e-05,0.005925983963466219,-0.010371179601397884
0.01764698782453511,0.00896417579210107,-0.013853634660553338,0.012988119299925938,0.0011781011702327593,0.0033685001589733865
-0.02890184855617206,-0.02566644004552754,-0.058119207066474,-0.029733190823736044,-0.05442782635834531,-0.02014326398287236
0.01587303349714264,0.04559297091006398,0.015830135298567694,0.011187627126324484,0.006222836930009468,0.014161692483654509
0.011718837329020904,-0.005814191667139035,0.011979216214415445,0.014082197518354711,-0.005565798246950249,0.011111202587106073
0.0038608358800034104,-0.012670475900177225,-0.004399837111611848,0.02309148049795362,0.004974993187424337,0.006088541715645102
-0.010576856005290014,-0.012833172379917435,-0.00568179201191743,-0.00667020077885927,-0.017945543299787814,-0.003394995482116414
-0.0009717751141524733,-0.011999914286326518,-0.03126997904167772,-0.014445094579073503,-0.02457460880818574,-0.00836782803959546
-0.0038910794672366578,0.008097107452953667,0.019171048298120663,0.005387270583174786,0.01098183340328518,0.0013441802784046608
-0.026367036226729534,-0.006024053183783851,-0.020471581221304103,0.006067961990158466,-0.04408940135139228,-0.0017897577203891402
-0.012036298200734485,-0.034343576554671684,-0.01706967889317368,-0.011670892504119346,-0.014037442671236189,-0.008367677950040675
-0.002030368763557444,-0.011506194827866523,-0.003840823626852008,0.0004755310671904489,-0.011186387701912048,0.0004519658828596729
-0.00508655938552649,-0.009523945713448168,-0.004134553867215618,-0.0006336157970768808,-0.015084072330179388,-0.0012800302601246871
-0.007157465808299235,0.0010683685764338868,-0.004769157262631829,-0.009670290372936985,-0.011138092041324765,-0.00791724354471135
0.0030895691075363274,0.010672489860300116,0.005186600666122088,0.006322859581328277,-0.0084477446449156,0.004788185479852158
-0.02258712549307229,-0.0031678760247436655,-0.01811542038300673,-0.016304715006697168,-0.03336888603415156,-0.0012103857169811771
0.009453690915233404,0.009533625565061543,-0.010110454250236933,-0.031047769799867342,-0.0011016307447558882,0.003256678202270491
0.03225814648371794,0.04931821137493331,0.036584058878887715,0.027703518079304157,0.07058814609544872,0.017739848818944637
-0.014113007446306614,-0.011000017953539665,0.016143647383940474,0.021679195768400827,0.042582440402301636,0.00830736018318956
-0.003067455622286719,0.0030333454257238657,0.014681537595200522,0.0158149632962874,0.0006587045270256553,0.009342377349058184
0.0010258052101304038,0.006048149528767199,0.026616958066999485,0.028008140954589367,0.01777490090884659,0.006048993958097659
0.006147377349037475,0.007014463480347954,0.012779304748334885,0.009132324148799054,-0.005174632873152674,-0.007026793026086109
0.010183375356096924,0.006964835155547355,0.011579674404309293,-0.0037706603748585144,-0.005851813092113578,-0.014518124950842592
-0.007056555006256571,0.015810261977016626,-0.0031824441051956365,-0.004617728748633088,0.0170046203658627,0.004737974689333679
0.021320008263609136,0.0029185493467982493,-0.00020609913352220843,0.006312232787414551,0.06398705608476307,0.04435598453515732
-0.007952445329656443,-0.007759588145080931,-0.007262385346809563,0.0009824485862379717,-0.012390427720971098,-0.0006350714618847952
0.007014131231540821,-0.01759508904919682,0.005966601824818563,0.0030201339897248936,-0.0036718890530407222,-0.004800409809431638
0.004975110275098116,0.036815747709634694,0.023518432525934996,0.017387753733276723,-0.0012286316881137127,-0.012272179003397277
-0.0059407384842030675,-0.007677488423787016,-0.0029226325230963246,0.003921617327956817,0.021217775271184403,0.012065479778388566
0.0,0.028046406767088694,0.008035732204098478,0.009285681172113813,-0.031918064577010075,0.00780593323263723
-0.004980066357646251,-0.01411108696739849,-0.0034093886653698835,0.00014604481433799776,-0.01804043351953677,-0.01260395675977366
-0.004003830282083065,-0.019084110433137624,-0.0010061502338888362,0.00591377948643701,0.007918835809645808,-0.007202432384952107
-0.011055306082673133,-0.005836441426105177,-0.015157682155451324,-0.03157208131791156,-0.017598926881701837,0.005171757899558704
0.007113614863470952,0.0048923332510073525,0.02162928500196859,0.0037470871370581804,0.006397892458954724,0.003286948229544562
0.02926364249581881,0.012658326593698366,-0.0003004684020698756,0.0016429523761669618,0.021932677357563435,-0.007834624711267502
0.002941048261660306,0.010587149612923286,-0.009111938238941963,-0.0014163255846260103,0.01430795277198782,0.0024407516490567716
-0.007820194796727908,0.012380989641594065,0.018340825558717855,0.012839486280026957,0.008279779842610413,0.014394053018287112
-0.0029556369766073898,-0.0009409110235818474,0.005854492028804614,0.006633301106987677,-0.020985517733042358,0.0062125644361652466
0.007905297692584856,-0.0009415247652612146,0.008287129851288544,0.006443035068409486,0.016464812957931008,0.0031572155731838247
0.0,-0.010367532527258527,-0.0008806937250859237,-0.0029100593104323114,-0.007946346872867327,0.0024630549853990047
0.0,-0.028571578138793186,-0.02061399765222005,-0.0007295236647679726,0.010166548468017345,-0.010038573259235628
-0.005882395775280491,0.004902223552095908,0.006099444463376846,-0.003650510363614745,-0.013113911152026425,0.004183808022905744
-0.002958651723364958,-0.004878308990866609,0.009888555550885636,0.01018615784274024,0.01792336070309264,0.013628960068646112
0.007912915360880124,-0.00882339733272075,-0.007282313699667031,0.003989725943608358,0.002732238199025794,0.0001393431920155841
0.029440647370133632,0.02571709431677416,0.007682893168063254,0.0036126411724575203,0.022706650687622787,0.009194834733984525
-0.006673022942729534,-0.009643252387518841,0.009395013196020985,0.0,-0.005032470681673229,0.0012422776156195692
0.008637251358993181,0.010710761916673306,-0.003459978796430785,-0.013102823150794252,0.018149279709385846,-0.005239134589356986
-0.017126479366198932,-0.03853575949549359,-0.005623333228343852,-0.005908918994539714,-0.028053820945597385,-0.011988906150337986
-0.006776379953994827,0.008016288633157176,0.011359548567211553,0.0011008593448718074,0.014431892856025197,-0.006593257278186382
-0.005847896963566024,-0.001988158660831685,-0.01492747098907976,0.0014656617619241974,-0.01956137121877355,-0.012567921934280135
-0.002985038299762044,0.016932485875027936,0.022854025213556728,0.013248695999234839,-0.005441349290553954,0.007078876907031351
0.014969877155462274,0.043094620629104075,0.007817628503305807,0.006212445651582632,0.02522777096986184,0.002982195653266295
0.015732653227592763,0.0028170707679469054,-0.0008140270165041263,0.010266498756780651,0.025496787659602838,0.0002123340433954901
-0.07454024048212882,-0.023408228540719,-0.007907080065375993,-0.003766445802620755,-0.0844175071207498,0.01358910134082092
0.0010461173536879809,0.007670056380586487,0.0034779841451348936,0.008203215960542298,-0.013577560316210935,0.01005507788990112
0.0031347581459453266,-0.012369120011568091,0.009338405910149561,-0.002193328804316108,-0.0160051562387985,0.012029088674017752
-0.005208374668811411,0.013487604079707172,-0.004292123573731543,-0.004821536843039653,-0.0009759054493394537,-0.009973389056440851
-0.0020943205294009504,-0.006654054783410301,0.02040407076506301,-0.02907027430607556,-0.006512538247488431,-0.013247697812809656
-0.023084823110258945,-0.035406637280713804,-0.021638993029096554,0.013135601512631156,-0.021959945942999104,-0.008111320083559415
-0.0032223023595329137,-0.007936568676991107,-0.02115817854036761,-0.008402268071528995,-0.013069736522895892,-0.00098691504317161
-0.005388081318253746,-0.03399994889125357,-0.052347771140982435,-0.034258358161427305,-0.031239369261037098,-0.024063245758111917
0.027085481147244295,-0.00931672926401328,0.018930306830299948,0.018758106870924607,-0.0024621275454488334,0.025813322382112425
0.005274304326598367,-0.01149450420560627,0.010355255923683249,0.004380203886966472,0.009520324086110366,-0.04941129397604627
0.00314802127307523,0.00317143797576791,0.02205604555026408,0.026685524689464835,0.01571788350239056,0.02246769097753587
-0.011506451983307797,-0.03582713158278994,-0.008240475214288723,-0.008495947759781353,-0.010316370409748199,0.004568882793383855
-0.01693122793252677,-0.01092901876274166,-0.002537387036102623,-0.013942469032240279,-0.039610927815237784,-0.019997158682275695
-0.003229132551013647,0.0331493461138761,0.04234826463691732,0.020693833935018002,-0.004703253316323042,0.009281702958366944
-0.028077632892463233,-0.03422464989149132,-0.029765123312813446,-0.030114490818222817,-0.05125412002782259,-0.030362627275600462
-0.015555700855316767,-0.11295694473989748,-0.004981482962335804,-0.0022392706622285097,-0.026436765369457715,0.004215212107864907
0.011286885791239598,0.09737833667172069,0.023594779405985866,0.018327698129113834,0.014954775513215113,0.013417309020149037
0.00781240472250766,-0.013651817225381113,0.018644161242780122,0.016748474156417226,0.012020112783088788,0.0006656676920575588
-0.007751844178439993,-0.03344863599912351,4.746043014391965e-05,-0.008308699463855374,-0.010344837228551174,-0.0011826093902339574
0.008928462540008786,-0.026252980547172178,0.010838603770044974,0.011146820942249835,0.022841639946395542,0.004662087541965176
0.0,0.0036763359023999076,-0.0008464792629793161,-0.007277045707345109,0.0041635353281141985,0.0023571436082421293
-0.029867228299966242,-0.026861968709301354,-0.04622047558674969,-0.031862534831774814,-0.041839385777781124,-0.03240734996152295
0.005701185194956437,0.010037536328967978,0.01899915071535907,0.015443343852692193,-0.009047987790951062,0.022328507738757164
-0.006802752789934474,-0.014906768012883709,-0.011283778947389855,0.0021413249042401272,-0.029376757200830328,-0.0008914091060342466
0.027397388822990587,0.0012610893292179792,0.006710508298213069,-0.0013263257873094014,0.03599185852989928,0.015317108079774489
0.013333282837334481,0.02141054515849361,0.01693190093441377,0.018884789612062525,0.03908407348818521,0.009446982203089371
0.0054824997719105095,0.017262681675750402,-0.0012918824150787156,-0.0018824776983558111,-0.0003799611676329473,-0.00420772138701575
-0.007633604476830369,0.009696692852420696,-0.014563725064101307,-0.0132016296734484,0.0076016738661892624,-0.006921125693896357
0.010988987987696763,0.056422681178563305,0.016966519509521216,0.011687647043747695,0.018483572978808427,0.011591203163059394
0.015217425178795319,0.0011365779426515399,0.01955164078014482,0.017583344863805195,0.025555610802522333,0.00688950388180265
0.0,-0.011350905772771092,-9.39089528604331e-05,-0.006783220936453116,0.0036114126382449374,0.00511386175613282
0.02141333851682181,0.028702738137058814,0.004267051023568724,-0.011358824869618589,0.02338967769053868,-0.00515945186722544
-0.012578778272906654,0.020089197068178244,0.01181324732713529,-0.010470994662635014,0.023909949937371167,-0.021897293695158804
0.0,0.02406991776199363,0.031795128026296915,0.00029367070689856334,0.021978040097462737,0.00294569356512131
-0.0010614519372668108,-0.010683509504746391,-0.0022363328404415572,0.010285105457248589,0.006048414160417792,0.009618930699425876
0.004250532328623269,0.009729800993745208,-0.019454010953793843,-0.0014543427114487306,0.00033395649212764056,0.003781844845003546
-0.01587282727913375,0.00428254879928458,0.0052571217987931185,-0.007209435935645159,-0.07278795782728342,-0.016084575843452353
-0.0021504038757933497,-0.002132451475047481,0.003638033577904043,0.007775229499837888,0.031328716094740416,0.0037554881512902316
-0.0032329352128511735,0.002137008542065111,0.00937925266320283,0.008224720569004917,-0.0013965947524759992,0.00359470315911814
-0.016216129514014632,0.004264389477550923,-0.008124898057747076,0.018409006640755177,-0.010489579756686518,-0.02558480311393796
0.007692324640644399,-0.005308031050570428,-0.014618078642147592,-0.011554638962280261,-0.010954019071789611,-0.007726924277639102
-0.0010904993076559233,-0.0032014233025702277,0.004546977192938728,-0.002151588244158731,-0.01750623561177611,0.0014364926461858385
-0.00545855841569165,-0.03961481400501954,-0.004754972850953609,-0.012648804590992602,-0.018181821991278047,-0.0036993004796853635
0.009879244024788347,0.021181625487838973,0.01538962154459722,0.014412572169555382,0.016296385134051405,0.008486756911519677
-0.006521769214734352,-0.015283573463211408,-0.005157865972853726,0.0012914245082102926,-0.009110823316254901,-0.013674823303622463
-0.006564581902896216,0.0022173467576629413,-0.004865948088195959,-0.012971202892035794,-0.006620110242166133,-0.00997944730366307
0.008810687471439094,-0.011062205043828488,0.023535314288301024,0.00943870111521461,-0.0014809474935246758,0.002770029770851279
-0.0283843724304933,-0.03691259909391842,0.0027681254254896537,-0.014097358794751047,-0.006303308385912532,-0.005908511014469542
-0.03258432750155804,-0.011614338447452077,-0.02506786094627589,-0.01765540702543389,-0.05335821326042878,-0.0031648325606884464
0.011614495438010852,0.023501632812455764,0.008494672842532802,0.012105322682039565,-0.003941664247302801,-0.007666129991804271
0.0034442752519758812,-0.01607341413043073,0.028031907495403408,0.013501766494596668,0.02216065450371074,0.01654318921764908
-0.006864905878527283,-0.001166944689946492,0.00022022987745540235,-0.007240237887223833,0.0,0.004836016605137772
-0.0161290676516056,-0.03271014943697392,-0.01171481585462375,-0.010574516418835223,0.016647305731924744,-0.01856372699799269
0.0023418920586146807,0.008453896788398696,0.011720212935779184,0.018942883934947696,0.030845421392018624,0.006694193966198414
0.007009378356408469,0.011976215075813812,0.013478250549531445,0.0062212614298304825,0.0040634901444773774,7.726734251267686e-05
0.018561376715201083,0.041420005695289364,0.026598344948548958,0.004169484632816189,0.006622617168252853,0.0052575711398035185
0.004555868216536529,-0.009090794652293455,-0.0014394990712026656,-0.0009306149020615884,0.009502911404694059,-0.002461322247623521
0.02834467068634261,0.019495703707369527,-0.002331663096076464,0.0144751636983389,0.023533640411871115,0.00046263661923284793
0.0,0.0011245061729732164,-0.004037131443315856,-0.008193809158781984,-0.007782143463245461,0.00847727604765236
0.004410200726526536,0.015730490064310043,0.0038827119042785796,-0.0051279595838571446,-0.004277980032578399,0.011538931650871165
0.01975826796304969,-0.008849657478158246,0.004802844411870177,-0.016321753451053578,0.01038301271372899,-0.011180709087609375
-0.012034788388978646,-0.018973282678281578,0.017342713344842053,0.007423062205736963,0.014174415774695692,-0.004813226815778782
0.004429645584663078,0.030716842861532534,-0.0022866797858918098,-0.01488152718623259,-0.012578604956671402,0.01642870661114859
0.015435549371650259,0.008829909651021373,0.013418821697567251,0.006379834376078364,0.0010615644877998154,-0.009592141249743502
-0.06623242008687436,-0.020787865859904886,0.0016447512733996916,0.019673572560646058,0.03958994014291628,-0.006634666092287356
0.013953613727565761,0.005586670344689848,0.012316242009382306,0.00564526679885291,0.04930299952288597,0.0049132217078775575
-0.012614781241654716,0.007777693342595038,0.010017045627165322,0.024586172590152167,0.016202143482081155,-0.002826478958662393
0.0034844949824899274,0.0,-0.02312785378847404,-0.00943199206795331,-0.014030627243357019,-0.008044247358842349
-0.011574156784281864,0.11466388722442855,-0.0001232317681639783,0.012462356399880026,-0.02037509768395318,0.0009269639210798264
0.0058547855197135235,-0.012858810246344832,0.02260957406684283,-0.008574688467617553,-0.007593323277804709,0.0024690618121796515
0.03492435400881733,0.040080339821732425,0.028380772150989664,0.002441141605842523,0.016633403267720892,0.021782597245256774
0.012373442835275528,0.05298669428177716,0.0065671709032728565,0.005775066564044362,0.012761826664099196,0.0012806294475855573
0.002222150623609309,0.003659649833423151,-0.0014368526081118826,-0.0006224743414562361,0.010696856677870015,-0.011059379159609639
-0.011086555480725901,0.004557772277171246,0.0004276904780811108,-0.0027690574684677838,-0.007055824694754076,-0.00136919898998078
-0.0033630655677814314,0.02450091537309329,0.011541253124722983,0.0013883189543413277,-0.0022609798350156085,0.012874201501553717
0.016872846335634906,0.020372020226547827,0.002737009306178706,0.011784242294712088,-0.004208451273693958,0.03760535373131502
0.004424745450302359,-0.014756914902467999,0.007918634347310105,0.0010277922743442414,-0.005526670521600385,-0.00884317008699076
-0.004405253325691971,0.006167418303709926,-0.0009153320246106933,0.006570581775188211,-0.03497877203215238,0.013456184385693737
-0.025442477272650366,-0.011383593714085483,0.009581499233560775,0.001631736721103172,-0.029132820194452735,0.0731706884808423
-0.0022701864445754394,0.0,-0.00691938438674522,0.005091334637600919,0.0038381461900856007,-0.010556777397623618
0.018202590925432416,0.020372020226547827,0.011879381426476376,0.012900083749909363,0.0031282461825674623,-0.016853517075450908
0.0,-0.006944440379700767,0.005042144465595477,0.0024671542176244454,-0.009009010204214962,0.02059858489905375
-0.005586687605036222,0.00524479425457236,-0.003032572775584219,0.00033258150638837414,0.02412589022819356,0.004944191362672212
-0.019101119237373787,-0.009565232322970019,-0.011641562878737743,-0.001734608352775946,-0.036189820099602255,-0.009772282499677543
-0.002290877107554379,0.012291433935223361,-0.004483454605848092,-0.0009359312515953011,-0.010626972887035735,-0.00020424458911161292
0.020665914913942096,0.001734562626549918,-0.0008779479321285866,0.0007359368820500922,0.026852830425604157,0.009462270355537594
0.012373442835275528,0.0025975054940015063,0.01753405260120866,0.010963332921539504,0.010808868198090904,0.009440963184446316
0.0011111301066615287,-0.019861839147294114,-0.007808805574650357,0.005289873551405089,0.002069715099509928,0.01302691162601155
0.009988852865376208,-0.00528638279460969,0.013432336854820814,0.0019075797494809699,-0.003442290544347193,-0.0010550990905375812
-0.004395571284449784,-0.001771350183329301,-0.00220269220770819,-0.006171156029403324,-0.0072539450798803085,0.000660196772078514
-0.005518749257683919,-0.009760611339954095,-0.0115623252197532,-0.012088642565757035,-0.022964507447698068,-0.006333403714612551
-0.013318543465888566,-0.015232945442662293,-0.017830107160281883,-0.0016047579688027724,-0.028133867637427867,-0.013543894750273178
0.006749160723397152,-0.008189236567622049,0.008826245875172223,0.0036164568720247203,0.003297828011510129,-0.002019144264675643
-0.0022346750420144668,-0.010091759415721824,0.014671171478489953,0.0005337444957924653,-0.005113146966494786,-0.005665021774768908
0.01007833909802236,0.028730312126859392,0.01931621808782702,0.012139249523024809,0.017988235593423108,0.001492231038967784
-0.0011085571360167634,-0.009909926015304382,-0.014000339571818343,-0.002570105717288995,-0.008654898105809883,-0.009819828941763031
0.00665916226486396,0.0018197037426592733,0.0058445661637398505,-0.001519579891390288,-0.01782464719970478,-0.0007524446577321653
0.004410219102721102,-0.003632796871255617,0.008529385704241887,0.003771583943595669,-0.0051851803532361185,0.010198485235957122
0.02305144464806963,0.04284402531418596,0.0025484037867176124,0.01015161844220791,0.03201783026523741,0.0011518636842393626
-0.009656607281849583,-0.008741127285535222,0.01359328041038732,0.00841799936997445,-0.008658020616788109,-0.003404139320385524
0.017334862412771157,-0.01499123454237583,0.017117711865545004,0.006471412759247563,0.016011690363371134,0.014209603509167001
0.0,-0.00626688964272093,0.00196549094161913,-0.005400998328105033,0.012894000195416533,-0.004917223180079144
0.015974504320110716,-0.012612562107346292,-0.002389690959366142,-0.0020686818073853974,-0.009900980715629837,-0.009950594078498964
-0.013626860065623525,0.007299177692249081,0.0010010408960232642,0.008680694871455508,0.019642809038744158,-0.000752089528804234
0.007438707440468262,8.725313693780379e-08,-0.0020710594998736287,0.010917497486500949,0.017162923589733037,0.004994943666198015
-0.004219274073448243,0.011785978195268498,0.016318241665033817,0.0,0.008953102938533686,-0.014978296118566492
0.003178020556152017,0.00268817181119152,0.0009504857297011338,-0.00019055368466480704,-0.0040955034662352174,0.004216205703842846
-0.0021121767929469515,0.0035745625521355073,0.01984051984543611,0.008196756207664802,0.016792307456124256,0.0028219676581711095
-0.009523661416135254,-0.00445215965865664,-0.0003796424248266872,0.001827653215102254,-0.041456023289187294,0.00034319185178555145
-0.011752127858329131,-0.008944570469170077,0.005935344544896859,-0.008618537359035838,-0.004922706884984196,-0.013584876346751762
0.0054053915726048896,0.007220099330652818,0.0073065328410466535,0.0006981624514568185,0.013427637133085035,0.005981780516064905
0.01290323538557403,0.06899638107500139,0.022816282707850855,0.01851591477432568,0.014295634326637163,0.02468361989147616
-0.02229295761788519,0.003352999249923272,-0.009722096420035076,-0.012451606243915059,-0.04950154925348049,-0.011470964799249583
-0.005428867580887675,0.014202143012776558,0.007968263935665076,0.002584826118797068,-0.011934899691120826,-0.0058020894437926795
0.00982528037350483,-0.007413587356732698,-0.004702929707671499,-0.009117677375156119,-0.0036603388315028518,0.0003433096728679974
0.0,-0.009128523729481475,0.016086227566847633,0.01592803043037838,0.02277738963133724,-0.0020590463832637074
0.00108109964008829,-0.002512723615394452,0.021240708016089016,0.012493316954335754,0.003951194971736571,-0.003920165676454479
-0.001079932125855776,-0.02015089108258039,0.002260663226173687,-0.0046270648059200115,-0.022540297547325006,-0.0014500221722855144
-0.001081099640088401,0.03856040177105036,0.021364462700580455,0.012024212413748847,0.0025622231674304885,-0.0051167906192735035
0.005411134920783267,-0.007425899617508724,-0.013503383120834767,-0.007042941021929816,0.005111419809713524,0.009174256468122755
-0.010764130422780904,-0.0132999487278892,-0.004285533236421779,0.0064761766367686935,0.0018161391539353033,-0.006060534728090317
-0.0021762086103678246,-0.0025274604815220814,0.012526503359951757,0.018323325481616415,0.023567840985357913,0.005543152386152217
-0.0010905311905472503,-0.0025337021565690065,0.011071032962771898,0.005596786447236157,0.006021908353607497,-0.005443724591465693
0.005458501060334298,-0.012701098002017686,-0.0067768003497578055,-0.003590817622496023,-0.04225344517368301,-0.0053350257236348675
-0.005428867580887675,-0.02487140461160564,0.003569511393084479,-0.004804823577943651,0.004411700119818729,0.0031345566724361174
-0.0021834434943279746,0.035180236647624596,0.0048158649641865114,0.006155628506973265,0.054172748428435336,-0.012568555153356642
-0.015317225730711925,-0.0050977054765174445,-0.002882032499792797,-0.010076890509297942,-0.040277789687367616,-0.014908545447853472
-0.012222211993848986,-0.023057213528003162,-0.029405305330101883,-0.016723108069054526,-0.05535448072872329,-0.029840147629435876
0.008998696055003252,0.02534970359026434,0.028289275221706323,0.019595795666560445,0.03025656735019422,0.01817513856979658
0.004535145646952898,0.10315423357603137,0.02093246138124072,0.015592864971987863,-0.003717489050928613,-0.016694353112012283
-0.0022572807483900448,-0.016228746458672783,-0.0014492885454403526,0.02820764990434288,0.0343283579957232,0.012861972889911089
-0.0022624972998247506,-0.021995234106379824,-0.04433851149275991,-0.014758834454836056,-0.031745983512287856,0.0036281837955001173
0.018140582587811593,-0.015260990283063713,-0.0027462769234474216,0.024378916000168838,0.011922472048838006,0.021762777953559187
0.022271922497809182,0.026101031795374263,0.03301367864491356,0.03291658431049749,0.05062826556806388,0.024129551560927
-0.09477131881915535,0.02225765140236824,0.00815420872062722,-0.0012214950251328016,0.02356665737256325,-0.023215647823806473
-0.007220271377543219,0.006998218882835472,0.011697001368121684,0.020733905938122188,-0.027491447901100474,0.009407949897375367
-0.01696968948903732,-0.009266260862417885,-0.013592654300008222,0.0014158834871973447,0.0028268525039849557,-0.011772899171053175
-0.006165135661863719,0.00623551005470091,0.004749443821628008,0.026156894253078766,0.0144468557746662,0.011133115996765586
0.004962716307025383,-0.004647558876111346,-0.00603325400571697,-0.02257551167829286,0.03647096921397619,-0.011080734074153553
0.017283822609514665,0.02412438277083373,0.023747795022093676,0.0014640718211287318,0.02111257230378949,0.005957106796702805
0.0012136800764270816,-0.01671734756732779,-0.007120928425972117,-0.005414039147875305,-0.012471255967506867,-0.006697301136088574
-0.01818178077851973,-0.008500747163145195,0.00024614618145823997,0.008927055313476595,-0.029577912433871978,-0.009652240378028143
-0.004938209374833358,-0.006235285019150938,-0.018310638030094695,0.010142954516642488,-0.01952060230410324,-0.0028665179570718236
-0.007444224865934657,-0.010980439992050228,0.014482758352762914,0.002999274711309674,-0.010478492694881214,0.01552395911732396
0.003749907261531238,-0.006344297363743645,-0.01025878551396986,-0.015271229272223685,0.006353699458543138,-0.006581796988565203
-0.017434492557129366,-0.022346239557783476,-0.022635223858074927,-0.03161268012459828,-0.02420205291189781,-0.009973597956711377
-0.040557646746903875,-0.031836807421164126,-0.04750028428971953,-0.043115467878796276,-0.08519047296487547,-0.04288700195376616
-0.04491423840039366,-0.045531192375568574,-0.033872184435453256,-0.016501827827904658,-0.09155205712602665,-0.03623781869400777
-0.0027661834542203056,-0.03268545198378947,0.015863736031149323,0.01249476225927193,-0.03503466020280099,-0.037678459622952354
-0.03328715171267682,-0.05114151422482871,-0.06536821230249723,-0.07045895523205825,-0.07664720418676285,-0.04312580794830023
-0.001434754366059221,0.047160566900134926,-0.0005848275149622495,0.024212997278296067,-0.07524277260710388,-0.0033039595613654216
0.034482813876646645,0.03033096902038257,0.0931004713659549,0.0665389636972129,-0.009973681591511796,0.019804520194095954
-0.031944463058738326,-0.02943808342402887,-0.03175929860229354,-0.04791943864256176,-0.053552502449415784,-0.029421622853183615
0.01578195017367956,0.0064339410914382444,0.04638458051547567,0.036715156731562226,0.038095254377792376,0.023443567440770252
-0.04802257584668501,-0.07945204082834423,-0.03243704049385143,-0.025095199905679322,-0.1343766691229913,-0.04363145607423158
-0.03709200542290081,-0.06653443823699412,-0.013280051649992575,-0.028267372268408586,-0.004364129956549556,0.011317715811019369
-0.09090908411672471,-0.12659561911381967,-0.07909205538817154,-0.06777245168041368,-0.07639325276328168,-0.09473408941581818
0.06101691906351148,0.07795369829293342,0.07202142518001087,0.06838399303399023,0.15254237288135597,0.06813608734373733
-0.0575079604926253,-0.07231636981846468,-0.03473058443497379,-0.04530191410241269,-0.0435293983010685,-0.053382352387539855
-0.09322041629514433,-0.11936660417064338,-0.09875448402623654,-0.09483848754288937,-0.17281675154133358,-0.12984555303058187
0.05233651788872007,0.08575377894971803,0.11980837180752024,0.14216901074471688,0.06394056673213822,0.11665395239377352
-0.11012428175837452,-0.15159236792149,-0.12864707767328454,-0.1473901964110761,0.11250870785930922,-0.07325394803691554
0.0,0.06306314499794063,0.043970073178458025,0.0823364455738873,-0.021356793401915652,-0.015577342634004787
-0.10179649817777559,-0.06779662513024687,-0.02447995218475041,-0.04209622129751289,-0.2522464906560117,-0.05057196396100094
-0.006666717671704792,-0.018181913531954197,-0.007662069362248003,0.016453396450175628,-0.11673817177762447,0.06903149822917287
-0.031319898622961584,0.006172996120530572,-0.06348552793866358,-0.03755882807388222,0.008746370546310889,-0.09427996333582878
-0.07390286135487745,-0.06288350976576673,-0.021244229575859475,-0.009974632366168246,-0.012524095665476742,-0.0025587486870618514
0.23441383752858513,0.1472994583952203,0.100325641591263,0.09089579320777941,0.3580487879311167,0.1441231378553094
0.08888894766550082,0.07845937744712161,-0.0055088213112755025,-0.009572644451279144,0.10560346688016553,0.02660008700868577
-0.025974103086194744,0.07407404110263238,0.052623034498684884,0.06255106600702831,0.017543827034838255,0.04596443064745781
-0.011428566678461483,-0.06157637567770491,-0.0414023637068871,-0.041060911848657344,-0.10344826956219888,-0.08504175239718381
-0.030828409985086513,0.03543305472180713,0.028537955353058253,0.07034076864930916,-0.1274928751222575,0.03526972481391688
-0.03976150673235057,0.006337205037350246,-0.002040707887989268,-0.01572725676053255,-0.004897993438097936,-0.03206417314413457
-0.08902682469616507,-0.11335020951739527,-0.05261710578473999,-0.035508185995916874,-0.12305168594212812,-0.017391307781706167
-0.009090904081539342,-0.019886254225793154,0.01668677201181623,0.020708644058342607,-0.0589335065945823,0.021597166996453865
-0.027523031691897182,-0.024637712056589933,-0.014371456998430787,-0.009210342999803056,-0.06660040242020915,-0.03186556593159495
0.06839625230902668,0.07429422914502348,0.08723738660986546,0.07436779700327856,0.011714552998442374,0.06071585795055179
0.03973508019752092,-0.027662419255221504,-0.011582242717393387,-0.010770205005949385,0.0757895017925061,0.016669973912343927
0.06794062349367391,0.03840666738285137,0.02559476842871211,0.01003127269865467,0.1086105310836698,-0.0016791601395929057
0.06759439755992491,-0.021917837086050884,0.007215945995859618,6.022658181126239e-05,0.10414830654207119,0.03393687855478866
-0.03910626127837746,-0.016806677992174834,0.019627839170011097,0.0022407644099651236,-0.07593923196514996,-0.009569377990430672
0.025193929940700466,-0.012820392543031467,0.0505029122296865,0.049483381357038114,0.033736970198256166,0.024444432650211345
-0.04914931359532615,-0.06204913522129829,-0.009127201322231548,-0.01047804726357593,0.028451896068172333,-0.025087202332725322
-0.01789268284970691,-0.03999997633360686,0.007945531666445182,0.03002102990955624,-0.0992677193503313,-0.013059940675683723
0.036437130920969896,0.09615381059736694,-0.013568531002322137,0.008811659608076061,0.04516711958300923,0.04518722566204736
-0.027343644932853683,-0.04824567506878774,-0.020756660252905124,-0.019820828784331557,-0.04407945450816786,-0.040982793114040184
-0.04216870285423291,-0.004608301056174269,-0.030910439751062446,-0.04135721308384599,-0.005424992526246064,-0.016819882503148587
0.0,-0.007716059686292187,0.028803558523300632,0.033965101071850246,-0.06636359474875708,0.004475800120792517
0.025157221195988066,0.013997057941330437,-0.0038753222375045304,-0.012102587616213079,-0.0019474641550334404,9.904085990730671e-05
-0.004089977725016403,-0.039877421386949496,0.028869271110384176,0.018259387459986565,0.005853699474799967,0.0018812122911509022
0.06160161510886719,0.02715650818017301,0.0007068674538122099,-0.0028644844083859367,-0.028128026193020128,0.04812723588980505
0.040618985264921914,0.05754299523582662,-0.016209157620974857,-0.024361011917170883,0.1237524665138503,0.0014143082154611797
-0.02230473253050269,-0.03235311916062278,0.03284523502754744,0.04487374475004091,0.12166961436155566,0.05686847723935595
-0.03231941985211073,0.033434840540754296,0.021095860585450987,0.010032079849564779,-0.04908946001118286,-0.03652559887858431
-0.03339894661812137,-0.04411776765556219,-0.016099134349234934,-0.025891259035892844,-0.11407159529143762,-0.024503018848731073
-0.012195018585147599,-0.0446152927943303,0.014148764922466972,0.024459890774668036,-0.0770677276352848,-0.021990518434352735
0.022633683676992034,-0.0016105400615744614,0.015008740611148541,0.010736038930881264,-0.03156817470226325,-0.020546644120097768
-0.020120715512059406,-0.035483842954707634,0.01031739553077382,0.009847265809896255,-0.027339665891091824,-0.0017811231894342416
0.0,0.021739240532175463,0.010344978975102892,0.005806972436077418,0.03135134722735433,0.04649090572063175
0.07597537508605368,0.029459860207776467,0.02380157243668113,0.005882289712163091,0.06289312199883734,0.03400591055851976
-0.022900845302162298,-0.01589811899491922,0.015735310820585546,0.011154325667940501,-0.003944769279950466,-0.012733665925347082
-0.027343644932853683,-0.03069470457750567,-0.011428148248415981,-0.02265179752474622,-0.04455452930131176,-0.029785647067468668
-0.052208809923262045,-0.03500012218391124,-0.012074032342019203,-0.01512237439975428,-0.0559585474818155,-0.015684768821168094
0.036016879284351155,-0.015544145126400455,0.006143188333425975,0.004339275422094779,0.0043907753414358375,0.02905174452350745
0.002045038444005609,-0.03684198941007866,-0.005912026340889276,0.014568287686496761,-0.01202182090308268,0.029647807393776926
0.08367347746617271,0.14207651421597878,0.02356120437500664,0.009554577569793832,0.0918141512398769,0.0715267785793754
-0.001883283885297793,-0.009569237122261098,-0.005778405161744993,-0.006922433000776773,-0.023302892087450067,-0.0212237548987928
0.035848994458336,0.03381630956492043,0.019448124979525083,0.013870798276660379,0.023858872826248323,0.048526670360066415
0.025500988936611124,0.009345731410129288,-0.0074555550597682485,-0.012011299921675822,0.002026388854668104,-0.017428255251857205
0.003552396185753981,-0.010802409375060718,0.0064383667444734005,0.0004362569391169746,-0.01921137790312577,0.0016124485195556648
0.03362825979825468,0.06084258626307881,-0.006773421329189344,-0.010571661997639814,0.14845366622401102,0.024826303918963122
0.03253435761646584,0.07205869295225331,0.004357021323962096,0.001321836338602056,0.07540387549602401,0.004795385247532424
-0.029850811081355455,-0.06995880350333428,0.00044000904106877847,-0.0022551845421797667,-0.08347245727968766,-0.03933184256816735
-0.023931613021304088,-0.03097341775822704,-0.0009740020483947065,0.010198562078348905,-0.04371580712639678,0.004710946910131186
0.028021002673952244,0.028919144636917693,0.012297977179406061,-0.00229200638250715,0.05809520539783297,0.01253191434837353
0.005110771520145496,0.042899537360370665,0.004629482068653212,0.011376682301913021,0.009901045342107784,-0.00016836443236167842
0.04915247704067993,0.04397168517554806,0.005505085476562366,0.002433675430663751,0.05614974148371821,0.028884213096217026
0.06138938952865547,0.05163023422080393,-0.008612242748938126,-0.013163613691101306,0.41097036076894633,0.01235883231673629
0.117199371849811,0.018087942121367773,0.028481056646243008,0.02339812494774085,0.11184216004960024,0.009135720196571828
0.025885645707892202,0.07360433822567236,0.005912330552136691,0.006196594037952252,0.09252282405791434,0.0197083727807017
-0.038512756112838664,-0.052009679930203,0.03157822266180599,0.007645121188021298,-0.08665683284892056,-0.026634187791961583
-0.05939220783813426,-0.051122198923310935,0.025727356206904917,0.0370915366597564,-0.08247972195277142,-0.013802559471281506
-0.09985311090649918,-0.08672803588965017,-0.048010563227648184,-0.053698452886939085,-0.15511164937240163,-0.07808152636846255
0.05383361709226819,0.04316552435432408,0.008633709910401022,0.007891795334771023,0.16411680374795323,0.02530183318149959
0.006191947210891557,-0.0013793783892257494,0.012367063844922699,0.006391808500961771,-0.002389427044540482,0.013767460357568817
0.007692266374787371,0.03176793158957247,0.026502251754950912,0.02450512735888366,0.019760473570659354,0.011615994098753246
-0.03358777009691627,-0.030789803227000756,-0.0013916192174566744,0.003461337523518182,-0.0029360623836256483,-0.00667005149647959
0.0,0.00552500201186823,0.0003981093584437545,0.010708475249929128,-0.02885746668598732,0.006119857300169729
-0.01579778044344704,-0.017857230115641776,-0.005714592930898044,-0.005959722715776383,-0.02971496530742146,-0.033961343069893735
0.008025717039710445,-0.01538470227172506,0.026163734325994614,0.027773571421481513,-0.06749999523162842,0.013729774514859683
-0.020700587146706084,-0.005681689372210363,0.021344814493055697,0.006680837367259773,-0.06166220318964433,0.005779832466602075
-0.03252046366568384,-0.06714287146645836,-0.01765197752172276,-0.02015755039157352,-0.06857143129621235,-0.038768305901365374
0.01344545362157512,0.022970785034904795,0.013275660728004013,0.012636520319161182,0.00996933395868238,-0.0063353179834571005
-0.019900567526155655,-0.02848568375421001,-0.03072579331081904,-0.020016020675272417,-0.059984810727148785,-0.020294559301756943
0.01692054818618094,0.04938285413923427,0.023046611711897924,0.01074736763923445,0.07592888301243383,0.022181468403222215
0.011647208125718178,0.004411730138126124,0.008347475396226933,0.025549199437593595,-0.018768769198781787,-8.962075983487416e-05
-0.016447360550548074,-0.013177337910823317,-0.0018914466649054829,0.005847393484739838,-0.019892829478066476,0.013451708109264215
0.011705720467641845,0.011869630622661331,0.0,0.007620866346754074,-0.02419987583622385,-0.0073444988528904576
0.023140403662242237,0.026392896448583336,0.02675022420276485,0.02152622603720622,0.024000015258789142,0.02005705111320255
-0.011308518156165626,-0.03428565433419917,-0.0031028497751917072,-0.011627846258135066,-0.06953127578599338,-0.006991200293841371
-0.0049019188373387035,0.014792783865164916,0.02329008167865476,0.02199283400133978,0.006717038180603874,0.026665550311806063
-0.041051001309089674,-0.04081629225889316,0.004300561268616887,0.007000867973075087,-0.0675562536617833,0.001285735400101684
0.04452061249407868,0.016717341857659163,0.0017491612988582705,-0.0030328733362163796,0.06797846640985128,0.021659094531080614
-0.006557373921588616,0.0014947567280376717,-0.00461322745770687,-0.030888777411151924,-0.02596310526272494,-0.026143750736792093
0.04950500674508884,0.026865821983866445,0.016548391823238973,0.0061814349954383285,-0.005159107396929152,0.02099468607621735
0.05974839578506019,0.037790609044710655,0.006877342296510713,-0.0014878179881835374,0.16162488633388783,0.018877446440571877
0.017804145336273614,-0.012604943717857697,-0.012304953212010195,-0.019803892518757138,-0.07366069955561183,-0.012158818876346067
-0.008746351357407423,0.0028366527701568778,-0.0020202742896087145,-0.005100112331049345,-0.0433734915763746,-0.006531012118427215
-0.020588225017108996,-0.028288461898817063,0.021073947427319828,0.042981227606902594,-0.03694370999332186,-0.007248214069040637
0.0030029286636252817,0.024745217113405715,-0.013801744663796911,-0.013468841970035283,0.0,0.007046454067437535
0.02395223055791318,0.0028409553851980185,0.0028091572074453453,0.014371234459309434,-0.009590288386284174,0.0034563819189141753
0.020467753756292284,-0.002832907222169445,-0.04551618425748438,-0.043494717226304824,0.03609162090470952,-0.007645098227734515
-0.0143267100683927,-0.025568189372480066,-0.0024773565567206557,-0.006122217577242517,-0.032285480005250444,-0.004317661059699107
0.007267403546841411,-0.021865790885633896,0.023700263405765476,0.01266758248208566,0.0,-0.01105350773753322
0.011544077073495584,0.0268254957489249,-0.016427480647348225,-0.008977179432602567,0.03336260781271072,-0.0011176791002207587
-0.01283876135234141,-0.043541309290683006,0.019168297987676608,0.010098025521322107,-0.03143592394589423,-0.004906177425778702
-0.026011547934635892,-0.05007592293510699,0.012100216720299484,-0.0007840768533526887,-0.01929818602773381,0.0004325149337758294
-0.019287860086627084,-0.030351358326972888,0.10468861550766961,0.005443825278668379,-0.005366763683264164,0.011066909378943723
0.012102868661573618,0.0065899719976603155,0.0251976187968177,0.05624121623107836,-0.003597118908694741,-0.005045356208033147
0.025411085554633894,0.004909708993528605,0.00667809772140715,-0.015008756801791145,0.035198587184855024,0.008079092855470371
0.014577181576191034,0.04234534333576212,0.0036246459299653644,-0.0016410223175983285,0.09503052547619895,0.08798703737973979
-0.004310377861038717,-0.01093749050773396,0.03488921899010777,0.01601395025861274,0.03821652278662713,0.025154820927152377
-0.010100901255426509,0.011058442113379474,-0.02273570995211882,-0.017887757774121993,-0.0007668887201756069,-0.0068033526877255834
0.033527644860317896,0.042187474101348155,0.01453481876289131,-0.019907657025101666,0.07444361373042185,-0.008773951003700264
0.01974611251936298,0.008995576910815206,-0.029739802379909253,-0.023385375162747746,-0.019285746983119467,0.013199878062376547
-0.016597436069063054,-0.0014858725494657499,0.0332342240945076,0.028567246634169097,-0.013838280168824713,0.009962355262808531
-0.01125175233186737,-0.017857218112863116,0.017697543316770092,-0.0023425483841839068,-0.017725241639167555,-0.0062977966048121115
